Pregnancies,Glucose,BloodPressure,SkinThickness,BMI,DiabetesPedigreeFunction,Age,Outcome,Glucose_Pregnancies
6,0.7898089171974523,0.0,1.25,0.18181818181818205,0.7645466847090665,50,1,0.8019559902200489
1,-0.8152866242038217,-0.42857142857142855,-0.25,-0.6136363636363636,0.017591339648173224,31,0,-0.5069274653626732
8,1.6815286624203822,-0.5714285714285714,0.0,-0.9886363636363639,0.8863328822733427,32,1,1.7408312958435208
0,0.5095541401273885,-2.2857142857142856,1.25,1.261363636363637,5.25981055480379,33,1,-0.6454767726161369
5,-0.025477707006369428,0.14285714285714285,0.0,-0.7272727272727273,-0.3883626522327469,30,0,0.29991850040749796
10,-0.050955414012738856,0.0,0.0,0.3749999999999998,-0.5696887686062246,29,0,1.2290138549307252
2,2.038216560509554,-0.14285714285714285,3.75,-0.1704545454545455,-0.5047361299052774,53,1,-0.0032599837000814994
8,0.20382165605095542,1.7142857142857142,0.0,0.0,-0.3044654939106904,54,1,0.9845150774246129
4,-0.17834394904458598,1.4285714285714286,0.0,0.6363636363636367,-0.41542625169147496,30,0,0.07171964140179299
10,1.2993630573248407,0.14285714285714285,0.0,0.681818181818182,0.5209742895805145,34,1,2.0929095354523226
10,0.5605095541401274,0.5714285714285714,0.0,-0.5568181818181819,2.9675236806495264,57,0,1.6202118989405052
7,-0.43312101910828027,0.0,0.0,-0.22727272727272735,0.37753721244925587,32,1,0.49551752241238795
0,0.025477707006369428,0.8571428571428571,4.25,1.5681818181818183,0.5588633288227337,31,1,-0.6454767726161369
7,-0.25477707006369427,0.14285714285714285,0.0,-0.27272727272727265,-0.24492557510148846,31,1,0.5753871230643847
1,-0.35668789808917195,-3.0,2.0,1.2840909090909092,-0.4370771312584574,33,0,-0.47758761206193967
3,0.22929936305732485,1.1428571428571428,2.75,0.8295454545454545,0.9729364005412724,27,0,-0.029339853300733496
8,-0.4585987261146497,0.8571428571428571,0.0,0.38636363636363635,0.11772665764546666,50,0,0.6454767726161369
7,2.0127388535031847,1.2857142857142858,0.0,0.8863636363636364,0.2882273342354535,41,1,1.5908720456397718
9,0.050955414012738856,0.5714285714285714,1.25,-0.340909090909091,-0.22056833558863323,29,1,1.1002444987775062
11,0.6624203821656051,1.5714285714285714,0.75,0.522727272727273,-0.24492557510148846,51,1,1.9185004074979626
7,0.7643312101910829,0.2857142857142857,0.0,0.840909090909091,-0.23680649526387004,43,1,1.0317848410757946
13,0.7133757961783439,0.7142857142857143,-2.75,-1.113636363636364,-0.26928281461434367,57,0,2.4270578647106764
5,0.0,1.4285714285714286,0.0,0.23863636363636387,-0.02029769959404588,38,0,0.3080684596577017
5,-0.20382165605095542,0.21428571428571427,-1.0,0.4545454545454547,0.5453315290933697,60,0,0.24286878565607173
3,1.0445859872611465,0.2857142857142857,1.5,-0.04545454545454531,1.3707713125845737,28,1,0.1271393643031785
3,-0.7388535031847133,-1.0,-4.75,-0.8181818181818183,-0.209742895805142,22,0,-0.21515892420537897
6,-0.6369426751592356,1.4285714285714286,0.0,-1.3750000000000007,-0.42354533152909335,28,0,0.254278728606357
10,0.12738853503184713,0.42857142857142855,0.25,-0.5,0.4533152909336944,45,0,1.3431132844335778
11,0.535031847133758,0.2857142857142857,0.0,0.13636363636363674,0.20433017591339656,35,0,1.8288508557457213
9,-0.3821656050955414,0.2857142857142857,1.75,0.10227272727272714,0.8673883626522331,46,1,0.8508557457212714
2,-0.6878980891719745,-0.2857142857142857,3.0,0.7045454545454551,0.42895805142083915,27,1,-0.35207823960880197
4,-0.15286624203821655,0.0,4.25,0.5795454545454549,2.8294993234100136,56,1,0.07823960880195599
7,0.40764331210191085,0.8571428571428571,0.0,0.9318181818181824,0.9512855209742896,37,0,0.8720456397718012
7,-0.2802547770700637,1.4285714285714286,-3.0,-1.0568181818181823,-0.2963464140730717,48,0,0.5639771801140995
7,1.070063694267516,-0.5714285714285714,0.0,-0.522727272727273,-0.13667117726657646,40,0,1.1687041564792175
0,1.605095541401274,-0.42857142857142855,2.25,1.1363636363636367,4.190798376184033,25,1,-0.6454767726161369
1,0.7388535031847133,-1.1428571428571428,0.0,-0.2613636363636365,0.5940460081190798,29,0,-0.40749796251018744
2,-1.1719745222929936,-0.14285714285714285,-0.75,-0.4545454545454547,0.6535859269282815,22,0,-0.41401792991035047
7,-0.35668789808917195,-0.42857142857142855,0.5,0.8068181818181822,-0.001353179972936402,31,1,0.5297473512632437
7,-0.3057324840764331,0.0,0.0,0.0,-0.10690121786197561,24,0,0.5525672371638142
1,-0.35668789808917195,0.5714285714285714,-4.75,-1.4318181818181825,0.39648173207036547,22,0,-0.47758761206193967
1,-0.40764331210191085,-1.5714285714285714,-3.75,-0.8863636363636367,0.49120433017591364,26,0,-0.4808475957620212
5,-0.7388535031847133,-0.42857142857142855,-2.25,-0.8636363636363641,-0.00676589986468186,30,0,0.07171964140179299
1,-1.1210191082802548,-1.5714285714285714,-5.0,-1.0227272727272732,-0.2611637347767253,21,0,-0.5264873675631622
7,1.78343949044586,-0.2857142857142857,2.25,0.6477272727272733,-0.24492557510148846,41,1,1.4881825590872046
0,0.7388535031847133,0.7142857142857143,0.0,0.9659090909090913,3.887686062246279,44,0,-0.6454767726161369
0,-0.3057324840764331,-0.5714285714285714,2.75,1.0795454545454548,-0.4641407307171854,22,0,-0.6454767726161369
2,-0.8407643312101911,0.0,0.0,0.0,-0.10960757780784841,21,0,-0.37163814180929094
8,0.40764331210191085,0.0,0.0,0.10227272727272714,-0.2016238159675236,39,1,1.0888345558272208
5,-1.8598726114649682,-0.7142857142857143,0.0,-0.7954545454545457,0.6562922868741546,36,0,-0.28687856560717195
7,-0.07643312101910828,-0.42857142857142855,0.0,0.09090909090909062,-0.23410013531799723,42,1,0.6552567237163814
5,-0.4585987261146497,0.14285714285714285,-0.75,-0.340909090909091,-0.38294993234100133,32,0,0.16136919315403422
0,-0.20382165605095542,1.1428571428571428,0.0,0.05681818181818184,1.381596752368065,38,1,-0.6454767726161369
2,-0.20382165605095542,1.4285714285714286,0.0,1.2159090909090917,1.354533152909337,54,0,-0.29013854930725347
2,-0.43312101910828027,-0.42857142857142855,-2.5,0.10227272727272714,1.4140730717185388,28,1,-0.31947840260798693
5,0.5605095541401274,-0.5714285714285714,1.25,-0.38636363636363635,0.17997293640054132,26,0,0.4873675631621842
13,0.22929936305732485,1.2857142857142858,0.0,1.2954545454545456,0.6454668470906632,42,1,2.024449877750611
4,0.3057324840764331,1.0,-2.5,0.35227272727272757,-0.30717185385656287,23,0,0.19559902200489
1,-0.9681528662420382,0.21428571428571427,0.0,0.0,0.13937753721244941,22,0,-0.5167074164629177
1,0.0,-1.7142857142857142,-2.5,-0.8295454545454549,-0.5534506089309879,22,0,0.0
7,-1.4012738853503184,0.42857142857142855,0.0,0.06818181818181837,0.1258457374830854,41,0,0.06193969030154849
5,-0.5605095541401274,0.0,0.75,0.6477272727272733,0.0690121786197565,27,0,0.12876935615321924
0,0.35668789808917195,0.0,0.0,1.2727272727272734,-0.2016238159675236,26,1,-0.6454767726161369
2,-0.12738853503184713,-0.42857142857142855,-2.0,-0.7954545454545457,-0.10148849797022999,24,0,-0.280358598207009
3,-0.10191082802547771,-2.0,-4.25,-1.0909090909090915,-0.5534506089309879,22,0,-0.09290953545232274
2,-1.0955414012738853,0.0,0.0,0.0,-0.6562922868741543,22,0,-0.4042379788101059
0,-0.40764331210191085,-0.5,-0.5,-0.840909090909091,-0.29093369418132614,22,0,-0.6454767726161369
5,0.5095541401273885,2.5714285714285716,0.0,1.9090909090909094,-0.3179972936400544,37,1,0.4710676446617767
13,-0.2802547770700637,0.0,6.0,0.522727272727273,-0.4506089309878214,45,0,1.6006519967400163
2,-0.43312101910828027,-0.2857142857142857,-1.25,0.7386363636363639,-0.05548037889039233,26,0,-0.31947840260798693
1,-0.25477707006369427,-0.2857142857142857,-2.75,-0.6250000000000002,-0.4857916102841678,24,0,-0.4710676446617767
1,-0.9426751592356688,-1.2142857142857142,0.0,-1.4659090909090913,-0.23410013531799723,21,0,-0.515077424612877
7,-0.9171974522292994,0.42857142857142855,2.5,1.6704545454545463,-0.22598105548037883,42,0,0.2787286063569682
4,0.43312101910828027,0.0,0.0,-0.931818181818182,-0.18267929634641428,60,1,0.22819885900570497
2,-0.6369426751592356,-0.7142857142857143,-0.5,-0.04545454545454531,-0.5805142083897158,24,0,-0.34555827220863894
6,-0.6114649681528662,-1.5714285714285714,0.0,-0.3750000000000002,0.031123139377537246,23,0,0.26405867970660146
1,1.1719745222929936,0.0,0.0,0.7954545454545457,2.374830852503383,33,1,-0.3797881010594947
1,0.8662420382165605,-0.8571428571428571,0.0,-0.6704545454545455,-0.4479025710419486,22,0,-0.3993480032599837
0,0.20382165605095542,1.7142857142857142,0.0,-1.0795454545454548,-0.22327469553450602,21,0,-0.6454767726161369
2,-0.8152866242038217,-0.5,0.0,0.8636363636363641,1.5845737483085256,27,0,-0.36837815810920943
1,-0.535031847133758,3.5714285714285716,0.0,-1.0909090909090915,-0.3721244925575102,27,0,-0.4889975550122249
3,1.375796178343949,0.0,0.75,0.14772727272727246,-0.3937753721244928,24,1,0.19070904645476772
1,-0.7133757961783439,0.2857142857142857,1.0,-0.09090909090909102,-0.41271989174560214,23,0,-0.5004074979625102
4,-1.0445859872611465,-0.7142857142857143,0.0,0.22727272727272735,0.1258457374830854,25,0,-0.14995925020374898
7,1.0955414012738853,-1.2857142857142858,0.5,-0.1704545454545455,0.6589986468200272,39,1,1.180114099429503
4,0.7388535031847133,1.4285714285714286,0.0,-0.09090909090909102,0.52638700947226,61,1,0.306438467807661
5,0.17834394904458598,0.14285714285714285,0.0,0.22727272727272735,-0.33694181326116374,38,1,0.36511817440912797
5,-0.9936305732484076,-1.7142857142857142,0.0,0.19318181818181857,0.8376184032476323,25,0,-0.009779951100244499
4,-0.5095541401273885,-0.8571428571428571,-1.75,-0.43181818181818205,0.26657645466847074,22,0,-0.013039934800325998
4,-0.4585987261146497,0.2857142857142857,-3.75,-1.0000000000000004,-0.3288227334235453,21,0,0.0
6,-0.15286624203821655,-0.5714285714285714,2.25,0.2500000000000004,-0.22868741542625162,24,0,0.4400977995110024
5,0.3821656050955414,0.5714285714285714,0.0,-0.590909090909091,-0.428958051420839,69,0,0.43031784841075793
0,-0.10191082802547771,0.2857142857142857,0.0,0.14772727272727246,-0.17997293640054116,23,1,-0.6454767726161369
1,-0.7388535031847133,-3.0,3.0,2.6136363636363646,0.4100135317997295,26,1,-0.5020374898125509
1,0.025477707006369428,-1.0,1.5,0.14772727272727246,-0.22598105548037883,23,0,-0.4531377343113284
0,-0.3057324840764331,0.8571428571428571,0.0,-0.4659090909090912,1.0730717185385659,62,1,-0.6454767726161369
4,1.4267515923566878,-0.14285714285714285,-4.0,-0.2613636363636365,0.04465493910690126,33,1,0.48247758761206194
9,0.12738853503184713,-1.1428571428571428,0.0,0.14772727272727246,2.082543978349121,33,1,1.1442542787286063
3,1.3503184713375795,-0.5714285714285714,1.75,0.28409090909090917,0.031123139377537246,30,1,0.18581907090464547
8,-0.8407643312101911,0.14285714285714285,0.25,0.7159090909090908,0.3044654939106903,39,0,0.44987775061124696
2,0.20382165605095542,-0.8571428571428571,-2.5,0.20454545454545428,-0.6941813261163735,31,0,-0.23797881010594946
0,-0.43312101910828027,-0.14285714285714285,-1.0,-0.13636363636363633,0.6833558863328824,21,0,-0.6454767726161369
0,-0.6114649681528662,-0.8571428571428571,-1.25,-0.3750000000000002,0.5074424898511505,22,0,-0.6454767726161369
0,0.3057324840764331,0.5714285714285714,0.0,-0.09090909090909102,0.9702300405953993,29,0,-0.6454767726161369
3,0.2802547770700637,0.42857142857142855,0.0,-1.238636363636364,-0.2070365358592692,55,0,-0.019559902200488997
5,-0.2802547770700637,0.7142857142857143,0.0,0.8522727272727275,-0.15832205683355888,38,0,0.21841890790546048
10,-0.22929936305732485,-0.42857142857142855,0.0,0.04545454545454531,-0.196211096075778,42,1,1.114914425427873
4,0.9426751592356688,-0.7142857142857143,0.25,0.09090909090909062,-0.29093369418132614,23,0,0.35859820700896494
0,-0.3821656050955414,0.21428571428571427,-1.75,0.0,0.6156968876860626,21,0,-0.6454767726161369
9,-1.5286624203821657,0.5714285714285714,1.75,0.09090909090909062,-0.6725304465493911,41,0,0.19070904645476772
5,0.7643312101910829,0.42857142857142855,0.0,0.19318181818181857,-0.3423545331529093,65,0,0.5525672371638142
2,-0.6878980891719745,-0.14285714285714285,-3.25,-0.5340909090909092,-0.7023004059539919,22,0,-0.35207823960880197
4,-0.07643312101910828,-0.5,0.0,-1.1477272727272732,0.23680649526387018,37,0,0.097799511002445
1,0.9171974522292994,0.7142857142857143,3.0,0.9772727272727277,0.9269282814614348,23,0,-0.3960880195599022
8,1.8089171974522293,0.42857142857142855,0.0,1.8068181818181823,-0.5615696887686065,43,1,1.8060309698451509
7,0.89171974522293,1.1428571428571428,3.5,2.0454545454545463,-0.02029769959404588,36,1,1.0888345558272208
2,-0.4585987261146497,-1.4285714285714286,-3.75,-0.840909090909091,0.7916102841677946,21,0,-0.32273838630806845
17,1.1719745222929936,0.0,2.75,1.0113636363636365,1.278755074424899,47,1,3.871230643846781
4,0.8662420382165605,1.2857142857142858,2.0,-0.2613636363636365,-0.13667117726657646,36,0,0.33903830480847597
7,-0.3821656050955414,0.14285714285714285,2.5,0.5909090909090914,-0.38024357239512857,45,0,0.5183374083129584
2,-0.43312101910828027,-0.5714285714285714,-1.75,-0.2613636363636365,0.0635994587280109,21,0,-0.31947840260798693
0,0.35668789808917195,1.1428571428571428,0.0,-0.04545454545454531,1.0784844384303114,32,1,-0.6454767726161369
6,-0.33121019108280253,0.14285714285714285,-3.0,-0.23863636363636387,1.0216508795669825,41,1,0.37163814180929094
3,0.7898089171974523,-0.42857142857142855,-1.25,0.05681818181818184,-0.23951285520974286,22,0,0.07823960880195599
4,0.07643312101910828,-0.2857142857142857,0.0,-0.27272727272727265,0.9864682002706364,34,0,0.13691931540342298
4,-0.17834394904458598,-0.42857142857142855,0.0,-0.011363636363636529,0.3423545331529094,29,0,0.07171964140179299
6,-0.3821656050955414,0.7142857142857143,0.0,-0.13636363636363633,-0.4451962110960758,36,1,0.35207823960880197
2,-0.7643312101910829,0.0,-1.75,-0.35227272727272757,1.1596752368064955,25,0,-0.36185819070904646
1,-0.9681528662420382,-0.8571428571428571,3.0,1.3068181818181823,0.9025710419485792,23,0,-0.5167074164629177
6,-0.8152866242038217,0.42857142857142855,0.0,-0.09090909090909102,0.10148849797023014,42,0,0.18581907090464547
5,0.6624203821656051,0.42857142857142855,0.0,1.4772727272727277,-0.4181326116373478,47,0,0.5199674001629991
5,0.33121019108280253,0.7142857142857143,0.0,0.8068181818181822,1.654939106901218,37,1,0.41401792991035047
6,-0.7643312101910829,0.5714285714285714,0.0,-1.0000000000000004,-0.7050067658998647,32,0,0.20537897310513448
0,0.050955414012738856,-0.5714285714285714,-3.0,0.3295454545454545,1.029769959404601,23,0,-0.6454767726161369
1,0.0,0.14285714285714285,-2.5,-0.48863636363636387,-0.12313937753721242,21,0,0.0
5,-1.1210191082802548,-0.8571428571428571,0.0,-0.590909090909091,-0.2070365358592692,27,0,-0.05052974735126324
4,0.6114649681528662,0.14285714285714285,0.0,-0.5,-0.2719891745602165,40,0,0.27383863080684595
7,1.9617834394904459,-0.2857142857142857,-0.5,0.4431818181818182,1.0838971583220571,41,1,1.5680521597392012
1,0.2802547770700637,1.8571428571428572,2.75,0.0,2.6427604871447903,33,1,-0.43683781581092096
8,-0.20382165605095542,0.2857142857142857,2.25,-0.4659090909090912,0.799729364005413,31,1,0.7758761206193969
3,-0.15286624203821655,-0.7142857142857143,0.0,-1.0681818181818183,-0.5480378890392422,21,0,-0.10268948655256724
9,0.15286624203821655,-0.14285714285714285,3.5,0.1250000000000002,0.07983761840324771,40,0,1.158924205378973
7,1.070063694267516,-0.42857142857142855,0.0,-0.18181818181818205,0.10419485791610265,36,1,1.1687041564792175
11,0.4585987261146497,0.0,0.0,2.306818181818182,0.6319350473612991,40,1,1.7750611246943766
8,-0.8152866242038217,-1.2142857142857142,-2.5,-0.8636363636363641,-0.564276048714479,42,0,0.46291768541157297
5,1.0445859872611465,0.8571428571428571,2.75,0.840909090909091,0.1366711772665766,29,1,0.6422167889160554
1,-0.3057324840764331,-1.0,0.0,-0.8750000000000002,-0.42625169147496617,21,0,-0.4743276283618582
3,-0.25477707006369427,-0.7142857142857143,-4.25,-1.0340909090909096,0.9025710419485792,23,1,-0.12224938875305623
4,-0.20382165605095542,-0.5714285714285714,3.5,0.31818181818181795,1.5169147496617053,26,1,0.06519967400162999
4,0.7898089171974523,-0.8571428571428571,-0.75,-0.1250000000000002,-0.5263870094722598,29,1,0.31947840260798693
0,-0.10191082802547771,0.5714285714285714,-3.5,-0.11363636363636367,1.4330175913396486,21,0,-0.6454767726161369
1,0.535031847133758,0.7142857142857143,0.0,0.9204545454545459,-0.2936400541271989,28,0,-0.42053789731051344
0,-0.22929936305732485,-0.2857142857142857,-2.5,-0.5340909090909092,1.1975642760487148,32,0,-0.6454767726161369
2,-0.4585987261146497,-0.14285714285714285,-3.5,-1.3181818181818188,-0.2963464140730717,27,0,-0.32273838630806845
6,-0.35668789808917195,0.0,0.5,0.6477272727272733,-0.05548037889039233,55,0,0.36185819070904646
5,-0.15286624203821655,0.0,-0.5,-0.9204545454545459,0.16914749661705009,27,0,0.2591687041564792
5,1.1464968152866242,2.2857142857142856,0.0,0.6477272727272733,-0.523680649526387,52,1,0.6748166259168704
1,-0.535031847133758,-0.5714285714285714,-0.75,0.13636363636363674,-0.15020297699594046,21,0,-0.4889975550122249
7,1.7070063694267517,0.8571428571428571,0.75,0.3977272727272729,0.02841677943166444,41,1,1.4539527302363489
2,-0.9171974522292994,-0.8571428571428571,-2.0,-0.48863636363636387,-0.14749661705006767,25,0,-0.38141809290953543
0,0.7643312101910829,0.9285714285714286,6.0,1.2272727272727273,0.08254397834912051,24,0,-0.6454767726161369
7,1.5796178343949046,1.6428571428571428,0.25,0.2500000000000004,-0.4884979702300409,60,0,1.3969030154849227
0,0.5859872611464968,-0.5,-1.0,1.204545454545455,0.2341001353179974,24,1,-0.6454767726161369
9,-0.12738853503184713,0.7142857142857143,0.5,0.2500000000000004,-0.22868741542625162,36,1,0.9975550122249389
12,0.8662420382165605,-0.14285714285714285,2.5,1.1136363636363638,1.0757780784844386,38,1,2.3080684596577017
5,-0.20382165605095542,-0.7142857142857143,2.75,0.43181818181818166,0.45872801082543996,25,1,0.24286878565607173
6,0.20382165605095542,-0.2857142857142857,0.0,-0.22727272727272735,0.3234100135317996,32,0,0.5770171149144254
5,-0.8152866242038217,0.14285714285714285,-2.0,-0.340909090909091,2.3802435723951287,32,1,0.04726976365118175
5,-0.12738853503184713,-0.42857142857142855,0.0,0.659090909090909,-0.22598105548037883,41,1,0.267318663406683
2,1.0445859872611465,1.2857142857142858,0.0,-0.04545454545454531,1.2462787550744252,66,1,-0.13039934800325997
7,0.050955414012738856,0.0,0.0,-0.772727272727273,-0.36671177266576455,37,0,0.7123064384678076
1,-0.43312101910828027,-0.42857142857142855,-3.75,-0.9545454545454547,0.8700947225981056,26,0,-0.48247758761206194
0,-0.40764331210191085,0.2857142857142857,0.0,0.4204545454545459,-0.3964817320703653,26,0,-0.6454767726161369
3,1.1464968152866242,-1.4285714285714286,2.0,0.5909090909090914,0.8322056833558866,24,1,0.1466992665036675
4,2.038216560509554,-0.14285714285714285,2.25,0.5340909090909096,5.370771312584575,31,0,0.6389568052159739
4,0.6369426751592356,1.0,0.0,1.363636363636364,0.813261163734777,22,1,0.280358598207009
4,0.12738853503184713,-0.2857142857142857,0.0,0.340909090909091,0.1339648173207035,29,0,0.14995925020374898
3,-1.0955414012738853,-0.2857142857142857,-0.5,-0.2613636363636365,-0.13937753721244925,23,0,-0.28361858190709044
4,1.375796178343949,0.0,0.0,1.3181818181818188,0.36400541271989184,26,1,0.46943765281173594
0,1.5796178343949046,1.2857142857142858,-0.75,1.3750000000000007,0.9242219215155616,23,1,-0.6454767726161369
9,1.197452229299363,0.8571428571428571,-2.25,-0.13636363636363633,1.3166441136671179,32,1,1.7603911980440097
0,-0.33121019108280253,0.2857142857142857,0.0,-1.545454545454546,0.6427604871447906,27,0,-0.6454767726161369
1,-0.6624203821656051,-0.5714285714285714,-1.5,-0.31818181818181834,-0.41271989174560214,21,0,-0.4971475142624287
3,0.5605095541401274,-1.2857142857142858,0.0,-0.7272727272727273,0.15561569688768623,22,1,0.034229828850855744
6,0.050955414012738856,-1.5714285714285714,-2.0,-0.5568181818181819,2.6346414073071722,33,1,0.5183374083129584
9,1.7070063694267517,0.9285714285714286,-3.75,-0.22727272727272735,2.350473612990528,49,1,2.053789731051345
10,0.12738853503184713,-0.2857142857142857,0.0,-0.09090909090909102,-0.23410013531799723,41,0,1.3431132844335778
0,1.2229299363057324,1.2857142857142858,0.75,2.306818181818182,0.22327469553450618,23,0,-0.6454767726161369
1,-0.15286624203821655,1.0,-2.75,-0.21590909090909083,-0.5453315290933695,23,0,-0.46454767726161367
9,-0.2802547770700637,-1.4285714285714286,0.0,-0.09090909090909102,0.09607577807848454,42,0,0.9095354523227384
2,0.3057324840764331,0.8571428571428571,0.0,-0.4545454545454547,-0.16373477672530448,27,0,-0.22493887530562348
2,-0.6878980891719745,0.5714285714285714,-4.0,-0.8636363636363641,-0.25845737483085246,24,0,-0.35207823960880197
0,-0.7898089171974523,-0.2857142857142857,0.5,0.43181818181818166,-0.2882273342354533,25,0,-0.6454767726161369
12,-0.6369426751592356,-0.7142857142857143,-5.75,-0.5,1.5737483085250343,44,1,1.1540342298288508
1,-0.10191082802547771,-0.5714285714285714,1.25,0.18181818181818205,0.537212449255751,21,1,-0.4612876935615322
3,-0.15286624203821655,-1.1428571428571428,2.25,-0.21590909090909083,0.5751014884979705,30,0,-0.10268948655256724
2,-0.07643312101910828,-0.2857142857142857,-2.0,-0.3750000000000002,-0.6833558863328822,25,0,-0.27383863080684595
11,0.9681528662420382,0.2857142857142857,-0.5,0.14772727272727246,2.729364005412721,51,1,2.1336593317033414
3,0.6114649681528662,0.0,0.0,-0.22727272727272735,1.1271989174560217,27,1,0.044009779951100246
4,-0.5605095541401274,-0.14285714285714285,0.5,0.011363636363636529,0.7239512855209744,24,0,-0.026079869600651995
3,0.6369426751592356,0.5714285714285714,-3.75,0.04545454545454531,-0.3910690121786197,63,0,0.0488997555012225
4,0.15286624203821655,-0.7142857142857143,0.0,0.0,-0.3207036535859269,35,1,0.15647921760391198
5,-0.535031847133758,0.14285714285714285,-3.0,0.18181818181818205,1.7658998646820032,43,0,0.13691931540342298
0,0.535031847133758,0.0,0.0,0.4886363636363635,1.5926928281461437,25,1,-0.6454767726161369
2,0.2802547770700637,-0.5714285714285714,3.0,0.9090909090909094,2.047361299052774,24,0,-0.22819885900570497
0,-0.3821656050955414,-1.4285714285714286,0.0,-0.7840909090909092,-0.7212449255751014,21,0,-0.6454767726161369
2,0.7388535031847133,0.0,0.0,-0.5113636363636366,-0.2828146143437077,28,1,-0.16951915240423798
10,-0.40764331210191085,1.0,1.75,1.545454545454546,2.1420838971583223,38,1,1.0008149959250203
3,0.12738853503184713,0.42857142857142855,0.0,-1.0227272727272732,-0.24492557510148846,40,0,-0.0488997555012225
1,-1.1719745222929936,0.42857142857142855,5.0,0.13636363636363674,0.20974289580514216,21,0,-0.5297473512632437
13,-0.2802547770700637,-0.14285714285714285,0.0,0.2500000000000004,-0.2530446549391069,52,0,1.6006519967400163
2,-0.43312101910828027,-0.14285714285714285,5.5,0.9659090909090913,0.8998646820027068,25,0,-0.31947840260798693
7,-0.2802547770700637,-0.8571428571428571,-1.5,-0.6250000000000002,-0.13125845737483083,29,1,0.5639771801140995
5,-0.07643312101910828,0.14285714285714285,0.0,-0.8068181818181822,1.0811907983761846,57,0,0.28361858190709044
2,-0.22929936305732485,-0.7142857142857143,-5.0,-0.7613636363636366,1.451962110960758,22,0,-0.293398533007335
0,0.7388535031847133,-0.14285714285714285,0.0,0.6704545454545455,-0.028416779431664593,28,1,-0.6454767726161369
7,0.40764331210191085,1.1428571428571428,-3.75,0.04545454545454531,-0.22327469553450602,37,0,0.8720456397718012
7,1.1210191082802548,1.0,0.0,-0.18181818181818205,-0.4857916102841678,47,1,1.1915240423797882
2,-0.22929936305732485,0.5714285714285714,0.0,-0.5681818181818183,-0.23139377537212444,52,1,-0.293398533007335
7,0.4840764331210191,0.14285714285714285,-1.0,-0.681818181818182,0.8186738836265226,51,0,0.9062754686226568
4,-0.535031847133758,-1.1428571428571428,-3.25,-1.2727272727272732,-0.012178619756427467,26,0,-0.019559902200488997
0,-0.9936305732484076,1.1428571428571428,-0.25,0.5568181818181819,0.2422192151556158,21,0,-0.6454767726161369
0,-0.25477707006369427,-0.7142857142857143,0.0,0.522727272727273,1.1163734776725307,25,1,-0.6454767726161369
1,0.2802547770700637,-1.7142857142857142,3.75,0.9659090909090913,0.7266576454668473,24,1,-0.43683781581092096
0,1.1210191082802548,-1.5714285714285714,0.0,-1.1477272727272732,-0.24492557510148846,65,0,-0.6454767726161369
6,0.8662420382165605,-0.7142857142857143,0.25,0.3977272727272729,0.9404600811907987,28,0,0.8312958435207825
0,0.22929936305732485,0.8571428571428571,-0.25,-0.14772727272727285,0.4749661705006768,24,0,-0.6454767726161369
14,-0.43312101910828027,0.42857142857142855,-1.25,0.522727272727273,0.1826792963464141,46,1,1.6365118174409128
8,-0.12738853503184713,0.0,0.0,-0.9545454545454547,1.3410013531799732,58,0,0.8149959250203749
0,1.2738853503184713,0.0,0.0,0.034090909090908776,1.3382949932341006,30,1,-0.6454767726161369
5,-1.019108280254777,0.7142857142857143,2.75,0.43181818181818166,-0.510148849797023,35,0,-0.017929910350448247
5,-0.050955414012738856,1.8571428571428572,0.0,2.3750000000000004,-0.36671177266576455,28,1,0.2917685411572942
3,0.8407643312101911,0.2857142857142857,0.0,-1.2500000000000004,-0.3721244925575102,37,0,0.08801955990220049
0,0.5095541401273885,-0.2857142857142857,-4.0,-0.8181818181818183,-0.5453315290933695,21,0,-0.6454767726161369
0,0.2802547770700637,-0.2857142857142857,-2.75,-0.1704545454545455,2.8322056833558866,25,1,-0.6454767726161369
2,0.17834394904458598,-0.2857142857142857,-0.5,0.10227272727272714,1.435723951285521,30,1,-0.24123879380603097
6,-0.9426751592356688,-0.42857142857142855,0.0,-0.6590909090909094,-0.08525033829499318,41,0,0.13691931540342298
0,-0.2802547770700637,-0.14285714285714285,1.75,0.840909090909091,0.7050067658998648,22,0,-0.6454767726161369
2,0.9681528662420382,0.14285714285714285,-3.25,-0.6136363636363636,0.239512855209743,27,1,-0.1401792991035045
7,-0.20382165605095542,0.5714285714285714,0.25,0.4431818181818182,2.117726657645467,43,1,0.5982070089649552
3,-0.4585987261146497,0.5714285714285714,-4.75,-1.4431818181818186,-0.16373477672530448,30,0,-0.16136919315403422
3,1.6560509554140128,0.14285714285714285,0.0,-0.1704545454545455,0.001353179972936402,29,1,0.24449877750611246
6,1.9617834394904459,0.42857142857142855,0.0,-0.9659090909090913,-0.5832205683355887,59,1,1.2518337408312958
3,-0.12738853503184713,0.14285714285714285,0.0,-0.04545454545454531,-0.39918809201623845,25,1,-0.097799511002445
0,0.17834394904458598,-0.14285714285714285,-2.5,-0.522727272727273,-0.24492557510148846,36,1,-0.6454767726161369
2,-0.12738853503184713,0.21428571428571427,0.5,0.4204545454545459,-0.5317997293640054,21,0,-0.280358598207009
1,1.019108280254777,0.0,-2.25,-0.7272727272727273,-0.5994587280108254,24,0,-0.3895680521597392
1,0.12738853503184713,-0.5714285714285714,0.5,0.35227272727272757,0.9404600811907987,30,1,-0.44661776691116545
10,1.5796178343949046,-0.14285714285714285,0.0,0.35227272727272757,-0.3910690121786197,37,0,2.2722086389568052
6,-0.3057324840764331,-0.14285714285714285,0.5,-0.13636363636363633,-0.6021650879566983,37,0,0.38141809290953543
8,0.025477707006369428,0.0,-2.75,-1.0113636363636365,3.0622462787550746,46,0,0.8932355338223309
2,-0.7643312101910829,-1.0,-3.5,0.07954545454545489,-0.48308525033829497,25,0,-0.36185819070904646
1,1.605095541401274,0.0,0.0,1.2840909090909092,-0.16914749661705009,41,1,-0.35207823960880197
12,-0.2802547770700637,0.5714285714285714,0.0,-0.9545454545454547,-0.5615696887686065,44,0,1.4278728606356967
0,1.2229299363057324,0.2857142857142857,3.25,1.8068181818181823,-0.23139377537212444,26,0,-0.6454767726161369
0,0.0,0.0,0.0,0.20454545454545428,1.5899864682002713,44,0,-0.6454767726161369
5,-0.050955414012738856,0.2857142857142857,0.0,-0.09090909090909102,-0.004059539918809356,44,1,0.2917685411572942
7,1.5541401273885351,0.8571428571428571,0.0,0.8977272727272728,-0.036535859269282704,41,1,1.3854930725346373
1,0.0,-0.2857142857142857,1.25,0.0,0.12043301759133977,22,0,0.0
5,0.12738853503184713,1.0,0.0,0.30681818181818227,-0.14749661705006767,33,0,0.34881825590872045
8,-0.5605095541401274,0.0,0.0,0.5454545454545453,0.3802435723951286,57,0,0.5933170334148329
1,0.5605095541401274,-1.8571428571428572,-2.75,-0.3750000000000002,0.8376184032476323,22,0,-0.4189079054604727
3,-0.025477707006369428,0.0,0.0,-0.9659090909090913,-0.42625169147496617,23,0,-0.07823960880195599
5,0.0,0.5714285714285714,0.5,1.0227272727272732,0.004059539918809206,37,1,0.0
4,-0.6369426751592356,0.5714285714285714,0.0,1.1590909090909098,-0.29093369418132614,29,0,-0.045639771801140996
4,0.5095541401273885,0.8571428571428571,0.0,-0.09090909090909102,-0.25033829499323407,30,0,0.24775876120619397
3,-1.4267515923566878,0.7142857142857143,-0.5,0.27272727272727265,-0.2746955345060893,46,0,-0.3471882640586797
3,-0.6878980891719745,0.42857142857142855,0.0,1.2159090909090917,0.5805142083897158,21,0,-0.20537897310513448
9,1.2229299363057324,1.1428571428571428,0.0,-0.18181818181818205,-0.11502029769959402,49,1,1.7750611246943766
13,0.3057324840764331,0.0,0.0,0.8977272727272728,0.6075778078484438,44,1,2.0880195599022007
12,-0.7388535031847133,0.14285714285714285,2.5,0.3749999999999998,0.09066305818673863,48,0,1.075794621026895
1,2.0127388535031847,0.2857142857142857,1.5,0.5113636363636366,1.435723951285521,29,1,-0.32599837000814996
5,1.8343949044585988,-0.5714285714285714,0.75,-0.09090909090909102,0.6454668470906632,29,1,0.8948655256723717
5,1.0445859872611465,-0.14285714285714285,0.0,-0.25,-0.3721244925575102,63,0,0.6422167889160554
5,-0.35668789808917195,2.5714285714285716,1.75,0.8181818181818188,-0.10690121786197561,65,0,0.19396903015484923
4,0.7388535031847133,0.42857142857142855,0.0,0.7386363636363639,0.4749661705006768,67,1,0.306438467807661
4,0.7643312101910829,0.14285714285714285,-1.25,0.3295454545454545,0.10960757780784856,30,0,0.31295843520782396
6,0.17834394904458598,0.0,0.0,-0.5,0.0635994587280109,29,1,0.5672371638141809
0,-0.40764331210191085,-0.5714285714285714,-3.25,-1.2500000000000004,-0.25033829499323407,21,0,-0.6454767726161369
3,-0.9171974522292994,1.0,-3.5,-0.5113636363636366,-0.1041948579161028,22,0,-0.24938875305623473
1,0.40764331210191085,2.142857142857143,-0.5,0.09090909090909062,-0.29905277401894476,45,1,-0.4286878565607172
3,1.4267515923566878,0.7142857142857143,4.5,0.7272727272727273,4.851150202976997,25,1,0.20048899755501223
0,0.025477707006369428,-0.5714285714285714,-1.75,0.0,3.7523680649526394,21,0,-0.6454767726161369
1,-0.7643312101910829,-0.8571428571428571,1.75,0.5909090909090914,0.44519621109607593,22,0,-0.5036674816625917
4,0.9936305732484076,0.21428571428571427,0.0,1.8522727272727275,-0.2882273342354533,32,1,0.37163814180929094
0,-0.6114649681528662,2.0,2.25,1.2954545454545456,1.83085250338295,35,0,-0.6454767726161369
1,-0.25477707006369427,0.0,0.0,-0.13636363636363633,1.2895805142083898,24,0,-0.4710676446617767
0,-0.3057324840764331,-0.2857142857142857,-2.0,-1.363636363636364,-0.2936400541271989,22,0,-0.6454767726161369
5,-0.025477707006369428,0.14285714285714285,-0.25,0.034090909090908776,0.853856562922869,35,1,0.29991850040749796
8,-0.3057324840764331,2.0,1.5,1.2840909090909092,-0.2855209742895805,45,1,0.7237163814180929
1,-0.43312101910828027,-0.42857142857142855,-0.25,0.0,0.26928281461434384,42,0,-0.48247758761206194
5,1.2484076433121019,0.2857142857142857,0.0,1.5568181818181825,-0.012178619756427467,27,1,0.7074164629176855
4,1.0445859872611465,0.42857142857142855,0.0,0.10227272727272714,1.2408660351826795,31,1,0.38467807660961695
2,0.25477707006369427,-1.0,-1.5,-0.48863636363636387,3.3978349120433027,25,0,-0.23145884270578648
3,-0.535031847133758,-1.1428571428571428,1.0,-0.8295454545454549,1.6224627875507442,39,0,-0.17603911980440098
0,0.35668789808917195,-0.42857142857142855,2.5,0.26136363636363613,-0.40189445196211093,22,1,-0.6454767726161369
3,-0.89171974522293,-0.14285714285714285,0.0,-1.238636363636364,0.12043301759133977,25,0,-0.24449877750611246
3,1.9363057324840764,-0.14285714285714285,0.25,0.3295454545454545,-0.28010825439783493,25,1,0.2982885085574572
4,-0.5605095541401274,-0.5714285714285714,0.0,0.0,-0.496617050067659,31,1,-0.026079869600651995
6,0.5095541401273885,-0.7857142857142857,0.0,-0.8863636363636367,-0.523680649526387,55,0,0.6943765281173594
5,0.4840764331210191,0.8571428571428571,2.75,0.340909090909091,-0.15832205683355888,35,1,0.46291768541157297
9,-1.1464968152866242,0.42857142857142855,-1.25,-0.04545454545454531,-0.17456021650879555,38,0,0.41075794621026895
5,1.2993630573248407,-0.5714285714285714,0.0,0.10227272727272714,-0.5669824086603519,41,1,0.7237163814180929
2,0.15286624203821655,-1.7142857142857142,0.5,1.1477272727272732,0.4749661705006768,26,0,-0.24449877750611246
4,-0.050955414012738856,0.0,0.0,-0.35227272727272757,0.08525033829499333,46,1,0.10431947840260798
0,-0.40764331210191085,-0.7142857142857143,0.0,-1.1477272727272732,-0.023004059539918683,25,0,-0.6454767726161369
8,2.038216560509554,0.14285714285714285,0.0,-0.6931818181818186,2.290933694181326,39,1,1.9233903830480847
1,1.4012738853503184,-0.2857142857142857,4.75,1.181818181818182,0.9675236806495268,28,1,-0.36511817440912797
6,-0.3821656050955414,1.2857142857142858,2.25,0.4204545454545459,0.8917456021650882,28,0,0.35207823960880197
1,-0.12738853503184713,0.0,0.0,0.27272727272727265,0.4966170500676592,25,0,-0.46291768541157297
1,0.6624203821656051,0.8571428571428571,-1.75,1.181818181818182,1.9797023004059537,22,0,-0.4123879380603097
1,0.6624203821656051,0.14285714285714285,-2.0,-0.6590909090909094,-0.23951285520974286,21,0,-0.4123879380603097
0,0.535031847133758,-0.8571428571428571,1.25,0.2954545454545457,0.512855209742896,21,1,-0.6454767726161369
3,1.4267515923566878,0.8571428571428571,0.75,0.4204545454545459,-0.23410013531799723,22,1,0.20048899755501223
1,-0.5095541401273885,-0.2857142857142857,-2.25,-0.5454545454545457,2.0311231393775375,22,0,-0.4873675631621842
4,0.6878980891719745,0.7142857142857143,0.5,0.7386363636363639,0.5669824086603519,37,1,0.293398533007335
1,-0.8662420382165605,-0.2857142857142857,0.0,-1.5681818181818188,0.7564276048714481,27,0,-0.5101874490627547
1,0.050955414012738856,1.1428571428571428,2.75,1.5113636363636365,0.43978349120433036,26,0,-0.4515077424612877
2,-0.050955414012738856,-0.5714285714285714,-2.0,-0.13636363636363633,0.20703653585926934,21,0,-0.2705786471067645
0,-0.5859872611464968,0.0,0.0,0.0,-0.23951285520974286,25,0,-0.6454767726161369
1,1.6305732484076434,-0.5714285714285714,0.0,0.23863636363636387,-0.044654939106901416,38,1,-0.3504482477587612
0,0.4585987261146497,1.5714285714285714,4.0,0.9772727272727277,-0.16373477672530448,26,0,-0.6454767726161369
2,-0.4585987261146497,0.0,0.0,-1.113636363636364,-0.6400541271989175,23,0,-0.32273838630806845
2,0.5605095541401274,0.21428571428571427,0.0,-0.7272727272727273,-0.4803788903924225,29,0,-0.19233903830480847
1,-0.6878980891719745,-0.2857142857142857,-5.5,-0.8522727272727275,2.147496617050068,36,0,-0.49877750611246946
0,0.6114649681528662,0.0,0.0,1.181818181818182,-0.37753721244925575,29,1,-0.6454767726161369
12,0.5859872611464968,0.9285714285714286,0.75,0.6136363636363636,-0.2719891745602165,41,0,2.0929095354523226
5,0.7643312101910829,0.21428571428571427,0.0,-0.23863636363636387,0.2422192151556158,28,0,0.5525672371638142
1,-0.5095541401273885,-0.14285714285714285,-3.75,-1.5681818181818188,-0.5345060893098782,21,0,-0.4873675631621842
6,-0.25477707006369427,1.1428571428571428,0.0,0.5454545454545453,1.0351826792963466,31,0,0.40097799511002447
0,1.8343949044585988,2.2857142857142856,-1.25,0.26136363636363613,0.2449255751014886,41,1,-0.6454767726161369
4,0.0,-0.5714285714285714,-0.75,0.13636363636363674,-0.3098782138024357,24,0,0.11735941320293398
8,-0.22929936305732485,-0.14285714285714285,0.0,-0.1704545454545455,1.6522327469553455,33,1,0.7628361858190709
4,0.0,-0.7142857142857143,-4.5,-0.2613636363636365,0.09607577807848454,30,1,0.11735941320293398
0,0.07643312101910828,0.14285714285714285,-3.0,-0.1704545454545455,-0.1610284167794317,26,0,-0.6454767726161369
2,0.43312101910828027,-0.14285714285714285,0.0,-0.35227272727272757,0.5345060893098785,23,1,-0.20863895680521596
2,0.050955414012738856,0.0,0.0,-1.4090909090909094,1.319350473612991,72,0,-0.2575387123064385
14,1.4777070063694266,-0.7142857142857143,0.0,0.18181818181818205,-0.35859269282814615,38,1,3.3480032599837
1,0.4585987261146497,-1.2857142857142858,0.0,-0.6022727272727275,0.9269282814614348,62,0,-0.4254278728606357
5,-0.7898089171974523,-0.2857142857142857,-0.5,-0.2045454545454547,0.05277401894451968,24,0,0.05541972290138549
10,0.7898089171974523,0.8571428571428571,4.5,0.6363636363636367,1.7767253044654938,51,1,1.7669111654441727
9,0.43312101910828027,0.14285714285714285,0.75,-0.6931818181818186,0.3125845737483087,81,0,1.3202933985330074
1,-1.1719745222929936,-0.7142857142857143,0.0,-1.1590909090909094,0.19350473612990532,26,0,-0.5297473512632437
8,-1.0955414012738853,-0.14285714285714285,2.5,0.3749999999999998,0.9756427604871449,39,0,0.31947840260798693
5,-0.7388535031847133,0.42857142857142855,0.0,-0.5,-0.23410013531799723,37,0,0.07171964140179299
10,-0.050955414012738856,1.8571428571428572,0.0,-0.9090909090909094,1.8335588633288231,34,0,1.2290138549307252
0,0.17834394904458598,-1.1428571428571428,-4.25,-1.1590909090909094,0.29093369418132625,21,0,-0.6454767726161369
8,0.07643312101910828,0.0,0.0,-0.22727272727272735,-0.4370771312584574,38,1,0.9193154034229829
1,0.6878980891719745,0.7142857142857143,2.5,1.0568181818181819,0.7104194857916104,28,0,-0.41075794621026895
0,0.5095541401273885,-0.14285714285714285,2.0,0.13636363636363674,-0.47225981055480376,22,0,-0.6454767726161369
0,0.050955414012738856,-0.42857142857142855,-0.75,0.7727272727272727,-0.23139377537212444,22,0,-0.6454767726161369
7,0.4840764331210191,1.2857142857142858,0.0,-0.23863636363636387,-0.36400541271989173,50,0,0.9062754686226568
4,-0.07643312101910828,-0.5714285714285714,0.0,-0.35227272727272757,-0.591339648173207,24,0,0.097799511002445
0,0.5095541401273885,0.8571428571428571,-0.75,-0.5340909090909092,-0.30717185385656287,59,0,-0.6454767726161369
2,-0.3057324840764331,0.5714285714285714,3.75,0.19318181818181857,0.9918809201623817,29,1,-0.30317848410757947
7,-0.07643312101910828,0.2857142857142857,-3.25,-0.931818181818182,0.3288227334235455,31,0,0.6552567237163814
8,0.22929936305732485,0.14285714285714285,2.0,-0.6931818181818186,-0.4939106901217862,39,0,0.9975550122249389
4,0.3821656050955414,1.0,0.25,-0.4545454545454547,0.20162381596752374,63,0,0.21515892420537897
0,0.15286624203821655,1.1428571428571428,1.75,0.3636363636363641,-0.39918809201623845,29,0,-0.6454767726161369
0,0.7133757961783439,0.0,0.0,1.3863636363636371,0.7726657645466849,31,1,-0.6454767726161369
0,0.4585987261146497,-0.2857142857142857,3.0,1.1704545454545454,0.05548037889039248,24,1,-0.6454767726161369
1,0.5605095541401274,-0.7142857142857143,2.75,0.9886363636363643,0.5182679296346416,21,0,-0.4189079054604727
4,-0.4585987261146497,0.0,-3.25,-0.7272727272727273,-0.13667117726657646,28,0,0.0
8,1.9617834394904459,0.5714285714285714,0.0,-0.6704545454545455,0.5588633288227337,67,0,1.8842705786471068
2,-0.7133757961783439,1.2857142857142858,0.0,0.1704545454545455,-0.14208389715832206,42,0,-0.3553382233088835
4,-0.4585987261146497,-0.2857142857142857,2.0,0.09090909090909062,-0.5399188092016238,33,0,0.0
3,-0.9426751592356688,0.0,0.0,0.0,-0.4614343707713126,22,0,-0.254278728606357
6,1.2484076433121019,0.14285714285714285,0.0,-0.6136363636363636,-0.10960757780784841,66,0,0.9779951100244498
5,-0.17834394904458598,-0.2857142857142857,0.0,-0.681818181818182,-0.14208389715832206,30,0,0.25101874490627546
2,-0.9171974522292994,0.0,-3.75,-0.21590909090909083,0.5480378890392424,25,0,-0.38141809290953543
6,0.9426751592356688,0.14285714285714285,0.5,-0.3068181818181818,1.3382949932341006,39,0,0.8606356968215159
2,0.0,1.2857142857142858,-2.75,-0.772727272727273,-0.08525033829499318,21,0,-0.26405867970660146
3,-0.8407643312101911,0.0,0.5,0.5909090909090914,-0.209742895805142,28,0,-0.23471882640586797
6,0.0,-0.2857142857142857,2.75,0.7954545454545457,1.0351826792963466,41,1,0.0
3,-0.535031847133758,0.42857142857142855,2.25,0.6022727272727272,-0.2882273342354533,40,0,-0.17603911980440098
10,-1.070063694267516,0.7142857142857143,0.0,0.14772727272727246,-0.22056833558863323,38,0,0.5770171149144254
1,0.33121019108280253,-0.8571428571428571,-1.75,-0.38636363636363635,0.9404600811907987,21,0,-0.43357783211083945
8,0.07643312101910828,0.42857142857142855,0.0,-0.7954545454545457,0.1745602165087957,64,0,0.9193154034229829
12,-0.8407643312101911,0.0,0.25,-0.2613636363636365,-0.12855209742895804,46,1,0.9975550122249389
9,-0.6624203821656051,-0.2857142857142857,0.0,-0.8863636363636367,-0.3910690121786197,58,0,0.6894865525672371
2,-0.6624203821656051,-0.7142857142857143,0.0,-0.5340909090909092,0.4884979702300408,22,0,-0.34881825590872045
7,0.20382165605095542,1.0,0.0,0.6363636363636367,-0.10960757780784841,51,0,0.7807660961695192
13,-1.0445859872611465,-0.8571428571428571,0.0,0.09090909090909062,-0.4451962110960758,41,0,0.9649551752241239
6,0.3057324840764331,1.2857142857142858,-5.75,-1.4090909090909094,0.6427604871447906,60,0,0.6161369193154034
2,-1.2484076433121019,-0.14285714285714285,0.5,-0.7954545454545457,-0.42625169147496617,25,0,-0.42379788101059496
3,0.17834394904458598,0.5714285714285714,0.75,0.13636363636363674,-0.10690121786197561,26,0,-0.039119804400977995
6,-0.07643312101910828,0.0,0.0,0.0,-0.42083897158322087,26,0,0.46943765281173594
9,0.33121019108280253,-0.14285714285714285,0.0,0.2500000000000004,0.8322056833558866,45,1,1.2616136919315404
3,0.20382165605095542,-1.0,0.0,-0.04545454545454531,-0.523680649526387,24,0,-0.034229828850855744
3,-0.7643312101910829,-0.8571428571428571,-3.0,-1.1590909090909094,0.26928281461434384,21,0,-0.2200488997555012
0,-0.15286624203821655,-0.5,0.0,-0.840909090909091,0.853856562922869,31,0,-0.6454767726161369
2,0.12738853503184713,-0.8571428571428571,-3.0,-0.25,1.008119079837619,22,0,-0.24775876120619397
0,-0.25477707006369427,0.2857142857142857,0.0,1.5113636363636365,0.9242219215155616,24,0,-0.6454767726161369
1,-0.7898089171974523,-0.42857142857142855,5.5,1.0568181818181819,1.5493910690121788,29,0,-0.5052974735126324
6,-0.6624203821656051,0.0,0.0,-0.25,0.4235453315290935,31,0,0.24449877750611246
4,0.3821656050955414,0.0,0.0,0.10227272727272714,-0.11502029769959402,23,1,0.21515892420537897
0,-0.3057324840764331,1.2857142857142858,0.0,-0.27272727272727265,-0.39918809201623845,46,0,-0.6454767726161369
0,-1.5286624203821657,-0.8571428571428571,0.0,-1.1704545454545459,1.056833558863329,67,0,-0.6454767726161369
3,0.2802547770700637,0.0,-1.25,0.04545454545454531,0.5534506089309879,27,1,-0.019559902200488997
10,-0.6878980891719745,0.9285714285714286,0.5,0.3295454545454545,1.300405953991881,56,1,0.8215158924205379
1,-0.7388535031847133,0.42857142857142855,-0.25,0.0,0.05548037889039248,29,0,-0.5020374898125509
8,1.7579617834394905,1.2857142857142858,1.25,0.28409090909090917,0.21244925575101495,37,1,1.7799511002444988
4,0.35668789808917195,-0.2857142857142857,-2.25,0.1250000000000002,-0.4993234100135318,28,0,0.20863895680521596
4,1.8343949044585988,2.7142857142857144,0.25,-0.3977272727272729,0.9079837618403251,37,0,0.58679706601467
1,-0.025477707006369428,-0.14285714285714285,-0.5,-0.522727272727273,-0.38024357239512857,21,0,-0.45639771801140994
6,-0.07643312101910828,1.1428571428571428,0.0,-0.47727272727272735,-0.2638700947225981,66,0,0.46943765281173594
1,-0.7388535031847133,-0.7142857142857143,-1.5,-0.23863636363636387,0.20974289580514216,23,0,-0.5020374898125509
1,-0.8407643312101911,-0.5714285714285714,-1.75,0.5568181818181819,0.3423545331529094,28,0,-0.508557457212714
1,-0.5095541401273885,-0.14285714285714285,2.5,0.6931818181818186,-0.3423545331529093,30,0,-0.4873675631621842
8,-0.17834394904458598,0.2857142857142857,0.0,-0.47727272727272735,-0.29093369418132614,58,0,0.7889160554197229
11,-0.35668789808917195,-0.2857142857142857,2.5,1.6136363636363644,-0.591339648173207,42,0,1.2013039934800327
11,-0.8152866242038217,0.14285714285714285,0.0,-0.21590909090909083,-0.12043301759133962,35,0,0.8785656071719642
6,0.20382165605095542,0.2857142857142857,0.0,0.20454545454545428,-0.6048714479025711,54,1,0.5770171149144254
6,-0.4585987261146497,-0.8571428571428571,-2.75,-0.5795454545454549,0.4127198917456023,32,0,0.32273838630806845
0,-0.6624203821656051,0.5714285714285714,0.0,0.04545454545454531,0.6941813261163736,27,0,-0.6454767726161369
2,-0.5605095541401274,-1.2857142857142858,-4.0,-0.6704545454545455,1.0920162381596754,22,0,-0.33577832110839445
1,-0.4585987261146497,0.0,0.0,0.7500000000000004,0.1826792963464141,21,0,-0.4841075794621027
6,-0.6369426751592356,-0.7142857142857143,0.5,0.0,-0.7023004059539919,46,0,0.254278728606357
4,0.9426751592356688,0.0,-0.25,-0.07954545454545449,-0.017591339648173377,37,0,0.35859820700896494
0,0.10191082802547771,-0.42857142857142855,0.0,0.26136363636363613,-0.38294993234100133,33,1,-0.6454767726161369
3,-0.9936305732484076,-0.14285714285714285,0.0,0.05681818181818184,-0.2016238159675236,39,0,-0.26405867970660146
2,0.33121019108280253,1.7142857142857142,0.0,-1.0681818181818183,-0.2070365358592692,21,0,-0.22167889160554197
2,-0.4840764331210191,-0.8571428571428571,-3.25,0.30681818181818227,-0.3964817320703653,22,0,-0.32599837000814996
1,0.6624203821656051,1.0,0.0,-0.21590909090909083,1.4817320703653591,23,0,-0.4123879380603097
6,-0.22929936305732485,-2.0,-2.5,-0.9090909090909094,1.2679296346414075,35,0,0.41075794621026895
2,0.025477707006369428,0.5714285714285714,0.0,1.238636363636364,0.9431664411366713,21,1,-0.26079869600651995
10,0.40764331210191085,-0.2857142857142857,0.0,-0.5681818181818183,-0.26928281461434367,36,0,1.5224123879380602
2,2.038216560509554,-0.14285714285714285,17.25,0.30681818181818227,0.6238159675236807,62,1,-0.0032599837000814994
0,0.8662420382165605,1.2857142857142858,4.0,1.1477272727272732,0.0717185385656293,21,1,-0.6454767726161369
6,-0.20382165605095542,-0.8571428571428571,-0.75,-0.7954545454545457,-0.374830852503383,27,0,0.42053789731051344
12,0.10191082802547771,0.42857142857142855,-3.25,-0.6250000000000002,-0.23139377537212444,62,0,1.7212713936430317
8,-0.43312101910828027,0.2857142857142857,0.0,0.7613636363636369,-0.4181326116373478,42,0,0.658516707416463
1,-0.6114649681528662,-1.1428571428571428,-4.75,-1.0795454545454548,0.19621109607577814,22,0,-0.4938875305623472
8,0.6624203821656051,-0.42857142857142855,0.0,0.3295454545454545,-0.5832205683355887,41,1,1.219233903830481
6,-0.35668789808917195,-0.42857142857142855,0.0,-0.8750000000000002,-0.25845737483085246,29,0,0.36185819070904646
3,1.5031847133757963,1.0,-0.75,0.14772727272727246,2.1907983761840324,52,1,0.21515892420537897
0,-1.1210191082802548,0.0,0.0,-1.238636363636364,-0.00676589986468186,25,0,-0.6454767726161369
11,-0.15286624203821655,0.8571428571428571,2.5,1.681818181818182,1.5710419485791614,45,1,1.3447432762836187
2,-0.12738853503184713,0.42857142857142855,5.0,0.840909090909091,-0.4587280108254398,24,0,-0.280358598207009
3,0.3821656050955414,0.5714285714285714,0.0,0.27272727272727265,0.15561569688768623,44,1,0.0
2,-0.89171974522293,-1.4285714285714286,-2.0,-0.3977272727272729,3.6657645466847097,25,0,-0.378158109209454
0,1.8089171974522293,0.7142857142857143,-4.0,0.0,0.9133964817320708,22,1,-0.6454767726161369
0,-1.2738853503184713,0.2857142857142857,0.0,1.5113636363636365,-0.40730717185385684,46,0,-0.6454767726161369
1,1.4267515923566878,0.14285714285714285,0.0,0.5454545454545453,-0.6941813261163735,38,1,-0.3634881825590872
1,-0.22929936305732485,1.1428571428571428,-2.75,-0.5568181818181819,0.15020297699594062,24,0,-0.46943765281173594
6,-0.535031847133758,0.0,0.0,-0.9431818181818186,-0.4181326116373478,28,0,0.293398533007335
1,0.17834394904458598,0.14285714285714285,1.5,-0.47727272727272735,-0.6617050067658999,30,0,-0.44335778321108393
7,0.8407643312101911,0.42857142857142855,-0.25,0.3636363636363641,0.9404600811907987,54,1,1.0660146699266504
4,1.6815286624203822,0.0,0.0,-0.4090909090909094,-0.35859269282814615,36,1,0.5476772616136919
1,0.17834394904458598,-0.8571428571428571,0.5,0.43181818181818166,0.45872801082543996,21,0,-0.44335778321108393
3,-0.2802547770700637,-1.2857142857142858,-2.25,-0.1250000000000002,-0.14208389715832206,24,0,-0.1271393643031785
6,-0.3057324840764331,0.5714285714285714,-0.5,0.05681818181818184,1.4438430311231398,26,0,0.38141809290953543
11,0.535031847133758,0.14285714285714285,-1.0,0.4659090909090912,0.5751014884979705,50,1,1.8288508557457213
3,-0.2802547770700637,0.0,0.0,-0.7045454545454547,-0.3721244925575102,27,0,-0.1271393643031785
6,0.0,1.7142857142857142,0.0,-0.3750000000000002,-0.5074424898511503,30,0,0.49877750611246946
9,-0.12738853503184713,0.7142857142857143,-1.5,-0.43181818181818205,2.5372124492557506,50,1,0.9975550122249389
0,0.050955414012738856,0.0,0.0,0.04545454545454531,-0.5507442489851151,24,1,-0.6454767726161369
2,-0.12738853503184713,1.0,3.0,0.7272727272727273,-0.2665764546684709,28,0,-0.280358598207009
2,-0.6369426751592356,0.2857142857142857,-2.5,-0.8863636363636367,3.663058186738837,28,0,-0.34555827220863894
6,1.6815286624203822,1.5714285714285714,0.0,1.0,3.021650879566983,45,0,1.1442542787286063
0,-0.5859872611464968,-0.14285714285714285,-0.75,1.3068181818181823,0.00676589986468201,21,0,-0.6454767726161369
2,-0.22929936305732485,-0.5714285714285714,0.0,-0.13636363636363633,-0.5047361299052774,21,0,-0.293398533007335
0,0.20382165605095542,-0.2857142857142857,0.0,-0.8295454545454549,-0.374830852503383,21,0,-0.6454767726161369
0,0.3821656050955414,0.42857142857142855,0.0,0.04545454545454531,0.1312584573748307,21,0,-0.6454767726161369
5,0.2802547770700637,0.5714285714285714,0.0,0.2954545454545457,-0.5426251691474967,45,0,0.39771801140994295
4,-0.5859872611464968,-0.5,-2.0,-0.8295454545454549,-0.5317997293640054,21,0,-0.032599837000814993
7,-0.07643312101910828,-0.5714285714285714,0.0,-0.522727272727273,1.0487144790257106,34,1,0.6552567237163814
0,-0.3821656050955414,0.42857142857142855,2.5,0.28409090909090917,-0.2882273342354533,24,0,-0.6454767726161369
2,-0.15286624203821655,-0.8571428571428571,0.0,-0.6590909090909094,-0.004059539918809356,23,0,-0.28361858190709044
1,0.2802547770700637,0.7142857142857143,-3.25,-0.5113636363636366,-0.6211096075778079,22,0,-0.43683781581092096
10,-0.6369426751592356,-0.7142857142857143,0.0,-0.6931818181818186,-0.4803788903924225,31,0,0.8541157294213529
13,-0.33121019108280253,0.0,0.0,-0.09090909090909102,0.32611637347767275,38,1,1.5582722086389569
5,-0.33121019108280253,0.14285714285714285,0.0,-0.36363636363636365,-0.5182679296346414,48,0,0.20211898940505296
2,-0.5859872611464968,0.2857142857142857,-3.0,-0.04545454545454531,0.8240866035182682,23,0,-0.33903830480847597
7,-0.5095541401273885,0.2857142857142857,0.5,1.0113636363636365,1.4248985115020298,32,1,0.4612876935615322
0,-0.3821656050955414,1.0,-3.25,-0.3068181818181818,0.9485791610284169,27,0,-0.6454767726161369
4,0.2802547770700637,-0.14285714285714285,0.0,0.26136363636363613,-0.11231393775372121,24,0,0.189079054604727
6,0.7643312101910829,0.5714285714285714,0.0,-0.28409090909090917,-0.4506089309878214,50,1,0.7921760391198044
4,-0.6878980891719745,0.0,0.0,-0.4545454545454547,0.7185385656292288,31,0,-0.05867970660146699
1,1.2738853503184713,0.14285714285714285,-3.25,-0.9772727272727277,0.2774018944519622,33,1,-0.3732681336593317
0,1.5796178343949046,-1.5714285714285714,1.5,0.659090909090909,0.2990527740189447,22,1,-0.6454767726161369
11,0.4840764331210191,0.8571428571428571,1.25,-0.4204545454545455,-0.22868741542625162,42,1,1.7929910350448248
0,-0.25477707006369427,-0.8571428571428571,-1.25,-0.6363636363636367,-0.5723951285520974,23,0,-0.6454767726161369
1,-0.6624203821656051,-1.2857142857142858,-1.25,-0.772727272727273,-0.29905277401894476,23,0,-0.4971475142624287
1,0.0,-0.8571428571428571,-1.75,0.20454545454545428,0.3288227334235455,27,0,-0.4547677261613692
2,0.07643312101910828,-1.2857142857142858,0.0,-0.590909090909091,0.2990527740189447,27,0,-0.254278728606357
1,-0.2802547770700637,-0.14285714285714285,-0.5,0.2500000000000004,-0.5480378890392422,22,0,-0.47269763651181745
2,0.9681528662420382,-1.4285714285714286,-0.75,0.7613636363636369,-0.2828146143437077,25,1,-0.1401792991035045
2,-0.40764331210191085,-1.0,1.25,-1.1590909090909094,-0.5128552097428958,22,0,-0.3162184189079055
1,0.07643312101910828,0.5714285714285714,4.5,0.7840909090909092,2.212449255751015,41,0,-0.44987775061124696
11,0.25477707006369427,2.4285714285714284,0.0,0.7954545454545457,-0.4181326116373478,51,0,1.6316218418907906
10,1.1464968152866242,0.8571428571428571,0.0,-0.48863636363636387,-0.4397834912043302,54,0,1.9951100244498778
1,2.089171974522293,0.2857142857142857,3.25,1.238636363636364,2.8403247631935047,22,1,-0.3211083944580277
9,0.7133757961783439,0.5714285714285714,4.0,0.6704545454545455,0.7916102841677946,40,1,1.4816625916870416
6,-0.050955414012738856,-0.8571428571428571,2.25,0.19318181818181857,-0.26928281461434367,40,1,0.4792176039119804
4,0.7133757961783439,0.7142857142857143,-3.0,0.05681818181818184,-0.2963464140730717,70,1,0.29991850040749796
10,-0.15286624203821655,-0.14285714285714285,-0.75,-0.5113636363636366,-0.5507442489851151,40,1,1.1638141809290954
9,0.9426751592356688,0.42857142857142855,0.0,-0.1250000000000002,-0.4884979702300409,45,0,1.6136919315403424
6,1.2229299363057324,-0.2857142857142857,-1.0,0.18181818181818205,0.7753721244925578,49,0,0.9682151589242054
1,-0.4585987261146497,-1.0,-5.0,-0.7500000000000004,0.5588633288227337,21,0,-0.4841075794621027
10,-1.2484076433121019,2.4285714285714284,-1.75,0.3977272727272729,-0.1610284167794317,47,0,0.46291768541157297
3,0.15286624203821655,2.0,1.25,2.8750000000000004,1.4492557510148854,22,0,-0.044009779951100246
8,-0.6624203821656051,0.7142857142857143,0.0,0.4090909090909094,0.6562922868741546,68,0,0.541157294213529
6,1.9872611464968153,-0.14285714285714285,0.0,-0.1250000000000002,-0.044654939106901416,31,1,1.2616136919315404
9,0.9936305732484076,1.0,0.0,-0.8181818181818183,-0.3098782138024357,53,1,1.6430317848410758
0,-0.6114649681528662,-0.8571428571428571,0.0,0.3749999999999998,-0.22056833558863323,25,0,-0.6454767726161369
3,0.10191082802547771,-1.4285714285714286,0.0,0.4545454545454547,-0.5886332882273343,25,1,-0.05378973105134474
0,1.1464968152866242,0.2857142857142857,1.5,2.000000000000001,0.05277401894451968,26,1,-0.6454767726161369
4,0.20382165605095542,0.5714285714285714,0.0,0.034090909090908776,0.5182679296346416,27,1,0.16951915240423798
5,0.4840764331210191,0.7142857142857143,0.0,0.0,0.799729364005413,69,0,0.46291768541157297
2,0.3057324840764331,0.14285714285714285,-1.0,0.13636363636363674,0.6671177266576456,25,0,-0.22493887530562348
3,0.33121019108280253,-0.5714285714285714,0.0,-1.0113636363636365,-0.08254397834912038,22,0,-0.009779951100244499
1,-0.25477707006369427,-1.5714285714285714,-2.75,-0.4204545454545455,-0.442489851150203,29,0,-0.4710676446617767
1,0.6878980891719745,0.7142857142857143,4.0,1.602272727272728,-0.02571041948579149,46,1,-0.41075794621026895
8,-0.25477707006369427,0.5714285714285714,0.0,-0.840909090909091,1.3843031123139382,34,0,0.7497962510187449
13,1.0445859872611465,3.0,0.0,1.1704545454545454,-0.23680649526387004,44,1,2.702526487367563
7,0.3057324840764331,-0.2857142857142857,4.75,0.7386363636363639,0.2557510148849798,43,1,0.8264058679706602
2,-0.6878980891719745,-0.8571428571428571,0.0,-0.9659090909090913,-0.41542625169147496,25,0,-0.35207823960880197
7,0.6369426751592356,1.2857142857142858,-1.5,-0.18181818181818205,-0.5859269282814614,43,1,0.9747351263243684
3,1.3248407643312101,0.14285714285714285,-2.75,-0.23863636363636387,-0.2070365358592692,31,1,0.18092909535452323
0,-0.4585987261146497,0.0,0.0,-0.7954545454545457,-0.24763193504736125,22,0,-0.6454767726161369
4,0.25477707006369427,1.1428571428571428,-4.75,0.28409090909090917,0.6860622462787552,28,0,0.18255908720456399
4,0.025477707006369428,-0.14285714285714285,0.0,1.4204545454545459,1.5142083897158327,26,0,0.12387938060309699
6,0.20382165605095542,0.42857142857142855,0.25,-0.5,0.5967523680649527,49,1,0.5770171149144254
1,1.2993630573248407,1.1428571428571428,-0.25,0.340909090909091,1.5169147496617053,52,1,-0.37163814180929094
2,0.3057324840764331,0.0,0.0,0.7386363636363639,-0.10960757780784841,41,0,-0.22493887530562348
6,-0.9426751592356688,0.5714285714285714,1.5,0.8863636363636364,-0.4533152909336942,28,0,0.13691931540342298
10,-0.050955414012738856,0.0,0.0,0.0,-0.22598105548037883,30,1,1.2290138549307252
2,0.25477707006369427,-1.8571428571428572,-2.25,0.27272727272727265,-0.45602165087956703,22,0,-0.23145884270578648
9,1.197452229299363,0.42857142857142855,0.0,0.09090909090909062,-0.5317997293640054,45,1,1.7603911980440097
3,1.0445859872611465,-0.5714285714285714,-4.25,-0.09090909090909102,-0.13396481732070364,24,0,0.1271393643031785
5,0.22929936305732485,0.42857142857142855,-0.75,-0.27272727272727265,0.2557510148849798,40,0,0.38141809290953543
10,0.3057324840764331,-0.7142857142857143,1.5,1.045454545454546,0.26116373477672544,38,1,1.4572127139364304
3,-0.3821656050955414,0.14285714285714285,0.0,-0.28409090909090917,-0.6048714479025711,32,0,-0.1466992665036675
7,1.78343949044586,-1.5714285714285714,0.75,0.21590909090909083,1.3031123139377538,34,1,1.4881825590872046
3,1.4267515923566878,0.42857142857142855,2.25,0.20454545454545428,1.6928281461434371,31,1,0.20048899755501223
10,-0.5859872611464968,0.0,-3.0,-1.0113636363636365,0.6779431664411368,56,0,0.8867155664221679
5,-0.5095541401273885,0.2857142857142857,-0.75,0.4090909090909094,0.09066305818673863,52,1,0.14506927465362673
4,-0.8662420382165605,1.0,-2.75,-0.3068181818181818,-0.07442489851150196,34,0,-0.10431947840260798
1,-0.07643312101910828,-0.42857142857142855,1.5,0.6931818181818186,-0.15020297699594046,21,0,-0.45965770171149145
5,0.0,1.0,0.0,0.8068181818181822,-0.2530446549391069,42,0,0.3080684596577017
1,-0.15286624203821655,1.5714285714285714,0.0,0.09090909090909062,-0.21515561569688763,45,0,-0.46454767726161367
4,-0.12738853503184713,0.42857142857142855,2.5,0.840909090909091,-0.2936400541271989,38,0,0.08475957620211899
0,0.6114649681528662,0.8571428571428571,-1.0,0.04545454545454531,0.239512855209743,22,0,-0.6454767726161369
2,1.4777070063694266,1.1428571428571428,0.0,-1.0340909090909096,-0.05006765899864672,22,0,-0.07497962510187449
2,-0.6369426751592356,-1.4285714285714286,0.0,-0.21590909090909083,-0.5507442489851151,22,0,-0.34555827220863894
8,0.07643312101910828,1.0,0.0,-0.4090909090909094,-0.23139377537212444,22,1,0.9193154034229829
2,1.4522292993630572,1.1428571428571428,1.75,1.4204545454545459,0.8159675236806495,24,1,-0.07823960880195599
2,-0.3057324840764331,0.21428571428571427,0.0,-0.9886363636363639,0.583220568335589,53,0,-0.30317848410757947
4,-0.5605095541401274,-0.8571428571428571,0.5,0.38636363636363635,-0.16373477672530448,28,0,-0.026079869600651995
8,-1.3248407643312101,0.0,-1.75,0.0,0.6914749661705007,42,0,0.20211898940505296
1,-0.3821656050955414,0.14285714285714285,0.0,0.8522727272727275,-0.13937753721244925,42,1,-0.4792176039119804
9,0.5859872611464968,1.5714285714285714,0.0,0.07954545454545489,1.0541271989174565,45,1,1.4083129584352079
13,0.9171974522292994,1.1428571428571428,1.75,0.9772727272727277,2.2449255751014894,39,0,2.5965770171149143
12,-0.43312101910828027,0.8571428571428571,0.75,-0.22727272727272735,0.3883626522327471,46,0,1.3105134474327629
1,0.7643312101910829,1.5714285714285714,2.75,1.9659090909090913,0.03653585926928285,27,1,-0.4058679706601467
6,1.1464968152866242,-0.7142857142857143,0.0,-0.8750000000000002,-0.4506089309878214,50,1,0.9388753056234719
4,0.4840764331210191,-0.14285714285714285,0.0,-0.09090909090909102,2.266576454668471,22,1,0.24123879380603097
1,0.10191082802547771,0.42857142857142855,2.25,0.7954545454545457,-0.22598105548037883,28,0,-0.4482477587612062
3,-0.22929936305732485,-0.7142857142857143,-1.5,-0.681818181818182,-0.3288227334235453,25,0,-0.11735941320293398
8,0.9426751592356688,0.42857142857142855,0.5,0.04545454545454531,0.26657645466847074,45,1,1.362673186634067
7,0.5095541401273885,1.2857142857142858,2.75,0.0,0.1258457374830854,39,0,0.9176854115729421
0,0.15286624203821655,0.0,0.0,0.4886363636363635,-0.23410013531799723,52,1,-0.6454767726161369
1,-0.2802547770700637,0.2857142857142857,0.0,0.6250000000000002,-0.39918809201623845,26,0,-0.47269763651181745
6,1.8598726114649682,1.4285714285714286,0.0,0.3977272727272729,-0.17997293640054116,66,1,1.2127139364303179
2,-0.7388535031847133,-1.0,-1.0,-0.4090909090909094,1.1407307171853855,22,0,-0.35859820700896494
9,1.3503184713375795,0.14285714285714285,0.25,1.363636363636364,0.15832205683355874,43,1,1.8484107579462103
9,-0.7133757961783439,-0.7142857142857143,0.0,-1.0795454545454548,-0.5480378890392422,33,0,0.6601466992665037
2,0.12738853503184713,-0.14285714285714285,-0.75,0.5454545454545453,-0.012178619756427467,27,0,-0.24775876120619397
5,0.10191082802547771,0.0,-1.75,-0.6590909090909094,-0.26928281461434367,30,0,0.3406682966585167
1,0.22929936305732485,-0.8571428571428571,0.0,-0.21590909090909083,0.012178619756427618,47,1,-0.4400977995110024
1,-0.6114649681528662,-0.14285714285714285,0.25,-0.18181818181818205,-0.07983761840324756,23,0,-0.4938875305623472
