Pregnancies,Glucose,BloodPressure,BMI,DiabetesPedigreeFunction,Age
3,0.24663633450532818,-0.7595178810229758,-0.8884796779225048,-0.7150057611810952,28
3,2.314905657488767,-0.42494396654847305,-0.21326660116651824,-0.47679023990575325,34
15,0.4801506129066842,-0.25765700931122165,0.7170269712528415,-0.9115335662332518,43
1,-0.4205473180699747,-1.0940917954974785,-1.0385270283127241,1.4527554824245135,21
8,0.9805383523381613,0.4114908196377839,1.5873016035161127,0.1693693615536109,36
4,0.04648123873273732,0.5787777768750353,-0.04821451573727685,-0.04800230161013868,34
3,1.2140526307395174,-0.25765700931122165,0.4769512106284905,-0.34279400918837366,35
6,0.4134322476491539,0.5787777768750353,2.082457859803837,-0.6584295748782012,46
10,1.3141301786258128,-0.42494396654847305,-1.023522293273702,-0.3963925014753254,47
1,-1.1544493359028078,-0.42494396654847305,0.7920506464479511,-0.17306545027969264,24
2,-0.02023712652479296,-0.25765700931122165,1.01712167203328,1.2711161474520654,23
9,0.7803832565655705,1.2479256058240409,-0.30329501140064946,0.9286813356187619,53
7,-1.2878860664178684,0.4114908196377839,-0.45334236179086873,0.9167705595549952,36
8,2.481701570632593,0.2442038624005325,0.777045911408929,0.43438412897242834,57
0,0.1799179692477979,0.5787777768750353,0.5969890909406654,1.0269452381448407,23
2,-0.6540615964713307,1.0806386485867894,1.977424714530683,-0.9889536106477377,23
8,0.14655878661903277,1.2479256058240409,0.9270932617991483,-0.3279055391086648,49
3,0.2799955171340933,0.4114908196377839,-0.5883849771420664,-0.40532558352315107,34
1,-1.68819625796305,-2.097813538920987,-1.7887637802638203,-0.40532558352315107,22
6,1.0806159002244566,0.4114908196377839,2.067453124764815,0.33314253243040837,27
2,-1.7882738058493455,-0.9268048382602272,-1.8337779853808858,-0.6018533885753076,23
1,-0.15367385703985353,1.2479256058240409,0.3269038602382713,-0.16711006224780942,40
2,1.1806934481107523,0.07691690516328112,1.0621358771503453,-0.9681097525361453,30
2,-0.3204697701836792,-0.42494396654847305,0.2668849200821838,-0.4291471356506849,26
1,0.31335469976285846,-0.7595178810229758,-1.2936075239760967,-0.2087977784709939,21
0,1.9813138312011156,1.2479256058240409,1.6473205436722003,-0.7060726791332695,26
1,-0.8875758748726866,0.07691690516328112,-0.9635033531176145,0.6368673220564686,36
4,-0.3871881354412095,0.2442038624005325,-0.5883849771420664,-1.0157528567912135,27
1,-0.2203922222973838,-0.25765700931122165,0.3419085952772934,0.20807938376085394,32
4,2.0813913790874112,0.4114908196377839,0.7020222362138194,-0.5810095304637152,31
0,0.24663633450532818,3.088082135433806,5.218447482959418,-0.4172363595869178,26
13,1.0138975349669264,1.4152125630612922,-0.8284607377664168,0.8095735749810914,43
7,0.9471791697093962,-0.5922309237857244,0.35691333031631556,0.7708635527738483,42
1,-0.8875758748726866,0.7460647341122867,0.4019275354333809,-0.67331804495791,43
1,-0.8208575096151564,-0.5922309237857244,-1.3686311991712063,0.08301623509129949,22
1,-0.45390650069873983,-1.0940917954974785,0.4769512106284905,-0.131377734056508,24
0,1.847877100686055,-1.0940917954974785,0.3419085952772934,1.8249672344172354,21
10,0.11319960399026761,-0.25765700931122165,-0.18325713108847397,-0.7566934774042796,41
0,-1.2545268837891033,-0.7595178810229758,0.5219654157455559,0.2557224880159223,21
7,2.4483423880038275,-0.25765700931122165,-1.0835412334297894,-0.881756626073834,55
5,0.5802281607929796,0.5787777768750353,-0.10823345589336433,-0.29217321091736353,25
3,2.1814689269737064,-0.25765700931122165,0.6119938259796877,-0.15222159216810038,36
9,-0.0535963091535581,-0.09037005207397028,-1.7287448401077323,0.8155289630129748,48
1,-1.4880411621904592,-1.4286657099719813,0.14684703977000774,2.3579744632708115,24
5,0.04648123873273732,0.07691690516328112,0.2668849200821838,-0.5661210603840067,28
1,-1.1544493359028078,0.4114908196377839,0.3419085952772934,-1.0663736550622238,22
5,0.7470240739368054,0.7460647341122867,-0.04821451573727685,-0.02120305546666239,58
1,2.3816240227462973,-1.9305265816837356,-0.9635033531176145,0.583268829769517,24
2,-1.2878860664178684,-0.6758744024043501,0.6720127661357751,0.5058487853550309,24
2,-0.5206248659562701,-0.7595178810229758,-0.27328554132260574,2.8016508716461352,34
3,-0.18703303966861867,0.07691690516328112,-0.9034844129615265,-1.048507490966573,24
1,2.2481872922312367,-1.0940917954974785,-0.3333044814786932,-0.18199853232751828,59
2,-0.487265683327505,0.07691690516328112,0.19186124488707415,-0.16413236823186764,23
8,-0.7207799617288609,0.07691690516328112,1.0621358771503453,0.6011349938651672,43
2,-0.7207799617288609,-1.5959526672092328,0.8220601165259943,0.11577086926665899,24
2,-0.6874207791000958,-1.26137875273473,-1.218583848780987,0.4611833751159043,23
1,-0.7207799617288609,0.07691690516328112,-1.9238063956150175,-0.9234443422970189,28
0,0.14655878661903277,1.0806386485867894,-0.7384323275322856,0.16639166753766912,21
0,1.9479546485723505,0.4114908196377839,4.0630828849547305,5.838898767906741,25
1,0.21327715187656304,1.2479256058240409,0.6269985610187098,1.7803018241781083,37
1,0.14655878661903277,-1.4286657099719813,-0.5433707720250005,1.018012156097015,21
4,-1.2211677011603381,-1.26137875273473,-0.6784133873761976,-0.45594638179416086,28
0,2.548419935890123,-0.5922309237857244,1.3472258428917616,0.12768164533042609,28
0,-1.0210126053877473,-0.42494396654847305,1.137159552345455,-0.23261933059852807,25
2,-0.8542166922439215,-0.42494396654847305,-1.6837306349906664,0.5594472776419828,26
0,-0.8875758748726866,0.9969951699681637,0.7620411763699069,-0.6316303287347252,24
2,0.8137424391943356,0.2442038624005325,0.8820790566820829,-0.3874594194275004,29
4,-1.0210126053877473,-0.25765700931122165,0.11683756969196453,-0.039069219562313025,22
2,-0.9542942401302169,-0.7595178810229758,0.8520695866040386,0.6398450160724106,23
1,-0.08695549178232324,1.0806386485867894,1.992429449569705,1.0388560142086074,29
9,1.0138975349669264,0.4114908196377839,0.2818896551212059,1.2919600055636582,33
3,-0.35382895281244436,1.4152125630612922,-0.5883849771420664,0.10683778721883366,29
0,1.347489361254578,0.2442038624005325,3.1327893125353716,0.892949007427461,25
4,0.8137424391943356,0.9969951699681637,-0.5133613019469567,-0.8043365816593483,27
1,-0.3204697701836792,0.5787777768750353,0.3719180653553366,-0.7209611492129784,24
3,-0.6540615964713307,-2.43238745339549,-0.22827133620553985,-0.1760431442956344,26
2,0.7470240739368054,-1.26137875273473,-0.10823345589336433,-0.11053387594491557,25
8,1.9145954659435853,-0.09037005207397028,0.05681862953587705,0.7738412467897904,36
2,0.21327715187656304,0.4114908196377839,1.6473205436722003,2.277576724840384,31
6,0.04648123873273732,-0.09037005207397028,0.19186124488707415,0.8155289630129748,34
1,0.4801506129066842,0.07691690516328112,0.7620411763699069,-0.1790208383115765,24
2,0.8137424391943356,-0.25765700931122165,-0.6484039172981538,-0.3636378672999659,29
2,0.013122056103972183,-1.763239624446484,0.5819843559016444,1.0626775663361416,28
1,0.2799955171340933,-0.25765700931122165,-0.9635033531176145,0.03835082485217289,22
1,-1.3879636143041638,0.07691690516328112,-0.34830921651771535,0.20212399572897038,22
2,-0.7541391443576261,-1.0940917954974785,0.6420032960577319,-0.01822536145072095,21
6,0.4134322476491539,-0.25765700931122165,0.4619464755894684,0.24678940596809698,29
1,-1.3546044316753987,-0.09037005207397028,-0.8584702078444606,-0.5244333441608217,24
12,0.6135873434217447,0.7460647341122867,1.0321264070723022,0.20510168974491216,58
3,-0.2203922222973838,-0.5922309237857244,0.8670743216430608,-0.920466648281077,28
1,-1.421322796932929,0.5787777768750353,-1.0385270283127241,0.3688748606217093,22
1,-1.0543717880165124,-0.9268048382602272,-0.7684417976103294,0.359941778573884,24
1,-1.3546044316753987,0.07691690516328112,2.097462594842858,1.8964318907998379,32
1,-0.7207799617288609,-0.09037005207397028,-1.0535317633517458,0.5922019118173419,28
1,0.11319960399026761,-0.25765700931122165,-1.203579113741965,-0.7090503731492113,25
3,1.7477995527997596,-1.26137875273473,0.08682809961392025,0.39865180078112705,36
0,0.5802281607929796,-0.9268048382602272,-1.5336832846004471,-0.7507380893723961,21
1,0.9138199870806311,-0.42494396654847305,-0.45334236179086873,-0.3279055391086648,42
5,-0.5539840485850352,-0.09037005207397028,0.6870175011747972,-0.8936674021376011,28
0,-0.8875758748726866,-0.7595178810229758,1.842382099179486,-0.2772847408376547,22
0,-0.8208575096151564,-0.7595178810229758,0.6720127661357751,0.41949565889271945,25
1,1.9813138312011156,0.4114908196377839,1.152164287384477,2.3788183213824046,22
2,-0.0535963091535581,0.2442038624005325,1.1071500822674119,-0.7269165372448619,29
4,-1.2545268837891033,1.4152125630612922,1.0771406121893674,-0.8936674021376011,25
3,1.380848543883343,-0.25765700931122165,-0.10823345589336433,-0.5690987543999481,28
1,-0.4205473180699747,-2.934248325107244,-1.383635934210228,-0.15519928618404216,26
2,-0.5206248659562701,-1.4286657099719813,-0.4983565669079346,-0.09862309988114848,22
0,-0.8875758748726866,0.5787777768750353,0.6269985610187098,-0.38448172541155834,26
3,-0.0535963091535581,-0.25765700931122165,1.5873016035161127,-0.02120305546666239,30
6,-0.7874983269863912,-1.26137875273473,0.2518801850431616,-0.08671232381738139,43
2,-1.1210901532740427,0.07691690516328112,-0.4983565669079346,-0.6852288210216775,22
0,-0.25375140492614895,0.5787777768750353,1.7823631590233984,-0.8698458500100672,27
1,-0.8875758748726866,-0.5922309237857244,-1.9088016605759952,-0.37257094934779156,25
9,1.1473342654819871,1.0806386485867894,0.296894390160227,2.1733574342824222,42
3,-0.2871105875549141,-1.9305265816837356,-0.42333289171282495,0.4969157033072055,25
5,1.1139750828532218,0.9133516913495381,0.9571027318771925,0.47607184519561313,34
7,0.07984042136150246,-0.25765700931122165,-1.023522293273702,-0.8877120141057175,37
0,-0.5873432312138004,-0.7595178810229758,0.19186124488707415,0.15150319745796026,22
3,-1.3879636143041638,0.7460647341122867,0.2818896551212059,2.480059917924424,27
7,-0.9209350575014518,-0.7595178810229758,0.14684703977000774,0.8304174330926838,41
3,-1.454681979561694,-1.9305265816837356,-0.1982618661274961,-0.6286526347187835,26
2,-0.3871881354412095,0.07691690516328112,0.011804424418810635,0.7113096724550129,27
7,1.9813138312011156,0.9133516913495381,0.536970150784578,0.37780794266953466,51
1,-1.0543717880165124,-0.9268048382602272,-1.0835412334297894,2.408595261541822,25
5,-0.7541391443576261,-1.5959526672092328,0.2518801850431616,0.11874856328260075,30
10,-0.6874207791000958,0.2442038624005325,0.08682809961392025,-0.8579350739462999,63
1,-1.3212452490466335,-0.7595178810229758,-1.6687258999516448,-0.131377734056508,23
2,-1.5547595274479895,-0.7595178810229758,-0.39332342163478123,-0.2653739647738876,33
4,-0.18703303966861867,-0.09037005207397028,-1.5336832846004471,0.011551578708696776,37
0,1.0138975349669264,0.7460647341122867,1.377235312969806,-0.5631433663680645,27
0,-1.5881187100767546,-1.763239624446484,-0.6784133873761976,-0.5661210603840067,22
9,0.07984042136150246,-0.25765700931122165,0.4619464755894684,-0.5274110381767634,34
1,-0.08695549178232324,-2.43238745339549,0.4769512106284905,-0.5333664262086468,25
3,-1.2545268837891033,-0.42494396654847305,-0.06321925077629899,0.3926964127492435,25
8,1.9813138312011156,-0.42494396654847305,-0.3333044814786932,0.46416106913184607,60
1,-0.18703303966861867,0.4114908196377839,0.5669796208626223,0.10981548123477544,25
1,0.6135873434217447,0.07691690516328112,-1.2335885838200087,1.098409894527443,23
3,-0.35382895281244436,-1.26137875273473,-0.42333289171282495,-0.08671232381738139,22
2,-0.9209350575014518,-0.42494396654847305,-0.9484986180785924,0.30336559227099064,21
8,0.07984042136150246,0.2442038624005325,-0.5433707720250005,0.6785550382796537,52
11,-0.0535963091535581,0.5787777768750353,1.497273193281981,0.9703690518419471,48
4,0.11319960399026761,-0.25765700931122165,-0.5133613019469567,2.039361203565042,45
5,1.4809260917696385,-0.09037005207397028,-0.978508088156636,0.38078563668547677,51
6,0.7470240739368054,-0.09037005207397028,0.2368754500041395,-0.6078087766071911,40
2,-0.45390650069873983,-1.763239624446484,0.02680915945783277,-0.42021405360285957,22
2,0.013122056103972183,0.2442038624005325,0.536970150784578,0.07110545902753239,26
1,-0.4205473180699747,-1.4286657099719813,-1.068536498390768,1.113298364607152,23
1,-0.8875758748726866,-1.0940917954974785,-1.263598053898053,-0.5929203065274823,22
2,-2.1885839973945274,-1.4286657099719813,-1.218583848780987,-0.3785263373796748,22
5,-0.45390650069873983,-0.09037005207397028,0.5669796208626223,-0.5839872244796569,33
1,-0.08695549178232324,-1.5959526672092328,-1.5036738145224033,-0.7566934774042796,24
1,-0.35382895281244436,-0.9268048382602272,-1.2485933188590308,-0.9561989764723782,23
2,-0.5539840485850352,-1.26137875273473,0.3869228003943588,-0.6971395970854442,25
1,1.4142077265121082,0.7460647341122867,0.07182336457489812,-0.35172709123619883,50
1,-1.0877309706452776,-0.5922309237857244,-0.6333991822591317,-0.8698458500100672,21
4,0.7470240739368054,-1.26137875273473,-0.42333289171282495,-0.5125225680970545,37
10,0.24663633450532818,0.2442038624005325,0.536970150784578,-0.5333664262086468,39
0,1.9479546485723505,1.4152125630612922,0.6269985610187098,-0.4321248296666267,35
2,0.680305708679275,0.7460647341122867,-1.1435601735858774,0.8989043954593442,21
3,0.24663633450532818,1.5824995202985437,0.6119938259796877,1.5152870567592909,32
0,-0.5873432312138004,-0.7595178810229758,-0.6784133873761976,-0.015247667434779177,23
7,0.680305708679275,-1.0940917954974785,-0.5283660369859783,0.6785550382796537,61
1,-0.4205473180699747,-1.26137875273473,-0.5733802421030442,-0.7150057611810952,22
1,0.11319960399026761,-1.9305265816837356,0.14684703977000774,1.4974208926636403,28
4,-1.0543717880165124,1.2479256058240409,0.8070553814869733,-0.28919551690142176,29
0,-0.15367385703985353,0.5787777768750353,1.9324105094136177,-1.102105983253525,24
8,1.1139750828532218,-0.9268048382602272,0.2518801850431616,0.24976709998403843,46
4,0.24663633450532818,-1.0940917954974785,-0.7234275924932635,0.20212399572897038,31
1,0.013122056103972183,1.4152125630612922,2.607623586169604,-0.3993701954912672,31
3,-0.6207024138425655,-0.09037005207397028,-0.7084228574542413,0.8065958809651496,27
9,1.6477220049134642,3.088082135433806,1.9624199794916608,0.7797966348216736,54
0,-0.7207799617288609,1.2479256058240409,2.1724862700379677,1.4974208926636403,31
2,-1.2545268837891033,-1.9305265816837356,-0.28829027636162785,1.5152870567592909,21
2,-1.2878860664178684,-0.5922309237857244,-0.018205045659232574,0.1127931752507172,22
1,-0.987653422758982,-0.9268048382602272,-1.9238063956150175,0.06812776501159062,25
3,-0.7541391443576261,-0.9268048382602272,-1.578697489717513,-0.5363441202245889,26
2,-0.45390650069873983,-0.9268048382602272,-1.068536498390768,-0.9859759166317958,21
0,0.4134322476491539,-1.26137875273473,-0.8884796779225048,-0.3189724570608395,21
0,-0.15367385703985353,-0.5922309237857244,-0.22827133620553985,0.10088239918695012,22
5,2.1814689269737064,0.2442038624005325,1.6923347487892666,1.711814861811448,53
8,1.5142852743984037,2.7535082209593034,0.7920506464479511,-0.8758012380419504,43
0,1.7144403701709945,0.4114908196377839,2.127472064920902,2.084026613804169,58
3,-1.2878860664178684,-1.26137875273473,0.296894390160227,-0.36661556131590767,25
1,-0.8208575096151564,-0.7595178810229758,-2.1188679511223025,-0.47679023990575325,21
1,-1.0877309706452776,-4.105257025768004,-0.6784133873761976,0.2974102042391068,21
4,-0.6207024138425655,-1.0940917954974785,-1.2485933188590308,1.5093316687274074,33
0,-0.6540615964713307,-0.7595178810229758,1.2421926976186088,0.10981548123477544,21
3,-0.7207799617288609,-0.42494396654847305,-0.10823345589336433,1.4587108704563971,28
0,-0.7874983269863912,0.7460647341122867,-1.068536498390768,-0.47679023990575325,22
2,0.6469465260505098,-1.26137875273473,-1.0385270283127241,0.7142873664709549,24
7,1.5476444570271688,1.2479256058240409,0.8820790566820829,0.9763244398738306,40
3,1.9479546485723505,-0.7595178810229758,0.2518801850431616,-0.5601656723521228,26
3,-0.7541391443576261,-1.5959526672092328,-1.00851755823468,-0.9085558722173099,24
8,1.81451791805729,1.4152125630612922,0.2068659799260963,0.023462354772464198,58
0,-1.2545268837891033,0.7460647341122867,0.8820790566820829,-0.67331804495791,23
3,-1.0877309706452776,0.07691690516328112,-0.28829027636162785,0.2735886521115729,38
